Id,MetrosCuadrados,Habitaciones,AnosAntiguedad,DistanciaCentro_KM,TieneGaraje,Precio_USD
1,149.9,2,7,14.3,0,255900.0
2,124.5,2,42,3.8,1,254200.0
3,155.9,3,19,15.7,1,312800.0
4,190.9,3,32,11.9,0,365900.0
5,120.6,1,25,19.1,0,196700.0
6,120.6,4,38,1.3,1,291700.0
7,193.2,1,20,5.7,1,381500.0
8,160.7,3,48,12.2,1,268400.0
9,111.2,3,41,6.3,0,208600.0
10,151.7,4,42,14.4,1,304900.0
11,111.5,3,40,15.3,0,205600.0
12,111.4,4,8,2.5,0,288400.0
13,139.7,2,23,10.5,1,290500.0
14,53.5,4,36,10.4,1,135100.0
15,61.0,1,48,7.7,0,80000.0
16,107.5,4,40,18.7,0,173500.0
17,89.5,3,16,16.6,0,193300.0
18,142.6,4,23,14.1,1,282700.0
19,93.7,3,20,14.4,1,223200.0
20,73.5,3,38,9.5,0,132300.0
21,188.6,3,40,18.5,0,336000.0
22,121.0,3,38,14.0,1,208100.0
23,132.7,1,12,14.7,1,268400.0
24,73.0,1,10,17.3,1,131400.0
25,108.2,2,45,5.8,0,174600.0
26,134.4,2,18,16.2,0,243600.0
27,84.0,4,10,4.3,1,253500.0
28,145.0,2,12,7.2,1,306000.0
29,106.0,5,45,7.0,0,195100.0
30,118.3,2,44,19.6,1,186100.0
31,105.9,2,0,17.2,0,204400.0
32,204.1,4,39,14.2,1,399300.0
33,129.5,3,43,14.7,0,230800.0
34,87.7,3,18,11.5,0,179500.0
35,162.9,3,11,19.0,1,349500.0
36,81.2,3,7,10.2,1,209500.0
37,138.4,2,7,7.9,1,304800.0
38,51.6,5,44,3.7,1,125500.0
39,76.9,5,11,15.8,0,169800.0
40,137.9,3,47,14.8,1,241900.0
41,159.5,2,32,8.0,0,313100.0
42,136.9,3,44,1.0,1,303900.0
43,125.4,1,25,16.9,1,205100.0
44,118.0,1,38,0.7,1,252800.0
45,70.9,2,27,14.2,0,129100.0
46,101.2,3,4,19.4,1,237400.0
47,111.6,4,7,9.0,1,289900.0
48,172.3,3,24,5.1,1,383500.0
49,143.7,3,26,14.2,0,265800.0
50,59.5,3,45,16.4,0,84500.0
51,143.0,2,22,11.2,1,307700.0
52,114.6,3,29,19.4,1,189300.0
53,102.9,5,44,1.5,0,227100.0
54,154.5,1,46,10.3,1,263000.0
55,171.2,4,22,14.5,0,335300.0
56,167.3,3,48,17.3,1,309800.0
57,96.4,3,46,4.0,0,180200.0
58,117.6,3,19,16.1,0,182600.0
59,143.3,3,17,11.3,1,299000.0
60,169.0,4,17,8.2,0,367300.0
61,110.8,4,1,3.1,1,311000.0
62,122.6,3,3,17.4,1,268700.0
63,85.7,2,29,3.6,0,176900.0
64,82.2,3,32,6.5,1,171700.0
65,162.5,4,35,6.2,1,354700.0
66,184.2,2,17,17.5,0,316600.0
67,127.1,3,36,13.6,1,277100.0
68,170.1,3,18,16.0,1,345600.0
69,144.5,3,46,5.4,1,284500.0
70,104.2,2,27,12.7,0,176700.0
71,144.5,3,39,11.6,0,258500.0
72,191.5,4,19,16.7,0,359400.0
73,128.6,2,48,18.2,1,223400.0
74,192.6,2,32,0.7,1,408300.0
75,40.0,5,11,13.6,1,122200.0
76,162.9,2,14,1.5,0,377700.0
77,133.5,4,40,11.2,0,250500.0
78,118.0,3,38,6.1,1,262900.0
79,133.7,2,1,6.5,1,304300.0
80,50.5,4,28,7.4,0,129400.0
81,121.2,3,40,12.6,1,236800.0
82,144.3,3,9,7.0,0,283300.0
83,189.1,3,1,14.8,1,427100.0
84,109.3,3,10,8.4,1,280200.0
85,97.7,2,12,1.8,0,224100.0
86,109.9,3,9,15.8,0,200700.0
87,166.6,5,13,6.1,1,396500.0
88,143.2,2,17,8.9,0,284700.0
89,108.8,3,8,13.9,1,248400.0
90,150.5,2,38,7.0,1,301200.0
91,133.9,4,27,1.6,1,327300.0
92,168.7,2,2,7.8,1,394100.0
93,101.9,5,19,18.9,1,228100.0
94,116.9,3,5,13.0,0,229000.0
95,114.3,2,26,13.6,1,243100.0
96,71.5,1,1,12.8,1,190900.0
97,141.8,2,28,4.4,1,350600.0
98,140.4,3,37,8.7,0,248000.0
99,130.2,2,2,15.1,0,259300.0
100,120.6,4,15,2.5,1,275100.0
101,73.4,3,29,5.9,0,168600.0
102,113.2,2,39,5.9,1,223700.0
103,116.3,3,1,8.9,1,311700.0
104,97.9,3,16,19.6,1,181700.0
105,123.5,2,40,1.8,1,238800.0
106,146.2,2,11,10.6,1,303100.0
107,205.4,1,34,4.0,1,375600.0
108,137.0,3,42,19.4,0,226400.0
109,140.3,3,0,2.7,1,319100.0
110,127.0,3,44,8.4,1,253200.0
111,53.2,4,14,14.9,1,108300.0
112,128.9,4,25,14.2,1,264000.0
113,132.4,3,36,8.7,0,275900.0
114,228.5,4,20,7.3,1,488600.0
115,122.3,2,48,8.3,1,216700.0
116,142.1,2,30,5.7,0,276500.0
117,128.6,2,24,4.5,1,283600.0
118,83.3,1,22,9.9,1,180100.0
119,175.7,3,23,5.7,1,357000.0
120,160.1,4,37,6.1,1,349300.0
121,161.6,1,27,13.3,1,259400.0
122,93.6,2,20,19.4,0,141800.0
123,186.1,3,42,12.3,1,343500.0
124,73.9,4,17,2.0,0,208800.0
125,153.5,2,35,2.0,1,325300.0
126,217.6,3,34,19.1,1,373800.0
127,90.4,1,44,6.3,0,137600.0
128,107.3,2,8,2.3,0,253800.0
129,134.0,5,37,12.2,1,279600.0
130,109.9,5,29,12.7,0,215400.0
131,68.0,1,43,13.1,1,101100.0
132,132.7,5,33,5.7,0,296400.0
133,87.5,3,31,0.8,0,194100.0
134,148.9,4,2,19.3,1,314200.0
135,93.2,3,2,5.4,1,283700.0
136,192.0,3,27,13.7,1,353500.0
137,98.7,3,43,14.3,0,133200.0
138,117.1,3,14,12.4,1,268200.0
139,162.5,2,40,6.6,1,309300.0
140,80.8,1,22,5.8,1,178000.0
141,139.1,2,39,12.2,1,246100.0
142,182.3,3,10,17.4,1,360500.0
143,65.7,2,47,19.0,1,112600.0
144,137.4,3,31,2.6,0,299900.0
145,140.4,5,35,3.5,1,338400.0
146,161.3,1,32,18.9,0,232600.0
147,80.5,3,23,14.9,1,151900.0
148,77.2,3,38,17.7,0,72700.0
149,150.9,4,33,4.5,1,321700.0
150,141.9,2,27,12.0,1,292500.0
151,140.0,3,36,14.2,0,253900.0
152,143.9,4,6,13.8,0,297400.0
153,102.8,4,3,8.5,0,246500.0
154,139.3,3,36,0.8,1,301400.0
155,141.7,3,0,11.9,1,323600.0
156,101.4,3,0,5.4,0,260200.0
157,204.6,4,46,9.3,1,376500.0
158,149.0,3,19,19.2,0,270100.0
159,82.3,1,18,8.3,1,195600.0
160,156.3,4,28,16.9,1,300200.0
161,91.0,3,9,4.2,0,233400.0
162,161.5,3,17,13.6,1,373000.0
163,176.3,2,27,19.6,0,293600.0
164,97.2,3,34,2.5,0,216200.0
165,168.5,3,42,0.7,0,327800.0
166,146.5,3,46,9.0,0,267000.0
167,162.9,2,30,2.3,1,354200.0
168,205.9,3,26,15.1,1,399800.0
169,120.2,5,10,18.3,1,251000.0
170,99.9,1,48,9.0,0,158800.0
171,94.4,5,48,5.5,0,219700.0
172,97.4,3,37,9.0,1,211000.0
173,126.9,4,4,14.6,1,303300.0
174,143.6,4,7,0.7,0,341300.0
175,141.1,3,33,12.0,1,290700.0
176,163.1,3,47,12.5,1,305800.0
177,130.5,4,11,12.9,1,278800.0
178,188.1,3,37,5.2,1,390200.0
179,119.4,2,0,14.4,0,225600.0
180,238.8,3,30,2.3,0,468200.0
181,155.0,4,3,4.4,1,380600.0
182,95.7,4,48,17.6,0,152300.0
183,87.2,4,44,14.9,1,148500.0
184,149.3,3,49,0.8,1,330400.0
185,121.1,4,4,5.3,0,299300.0
186,158.6,2,29,4.7,1,321600.0
187,148.9,3,23,5.8,0,284500.0
188,127.1,1,2,5.3,1,292000.0
189,96.1,2,10,1.7,1,243100.0
190,69.4,3,44,9.4,1,144400.0
191,112.1,3,3,14.8,1,246500.0
192,164.3,3,25,12.3,1,300800.0
193,138.6,3,26,13.6,1,271800.0
194,80.2,3,45,2.1,1,182400.0
195,136.9,2,42,19.1,0,215500.0
196,145.4,3,26,16.9,0,248200.0
197,94.6,2,41,16.2,0,164300.0
198,136.1,1,49,16.5,0,166600.0
199,132.3,3,5,18.7,1,293000.0
200,84.3,3,14,11.1,1,196900.0
201,144.3,3,29,4.4,1,329600.0
202,152.4,3,41,12.5,0,270200.0
203,173.3,3,36,15.0,1,342000.0
204,172.2,4,36,14.9,0,307400.0
205,74.9,3,41,10.7,1,135400.0
206,92.5,3,36,1.8,1,242900.0
207,150.6,1,34,7.7,0,269200.0
208,150.6,2,22,18.5,0,260800.0
209,150.6,3,5,11.9,0,329500.0
210,284.1,3,3,11.0,1,568000.0
211,152.8,3,17,5.7,1,351300.0
212,175.4,3,8,7.7,1,379100.0
213,168.2,3,48,18.0,0,268600.0
214,156.1,4,28,13.5,1,319000.0
215,117.4,4,12,15.9,1,234600.0
216,160.4,3,46,9.4,1,297000.0
217,99.1,5,16,12.8,0,239600.0
218,120.5,1,44,5.3,0,224900.0
219,110.6,2,31,14.3,1,206400.0
220,133.3,1,47,8.8,1,243100.0
221,222.6,3,21,9.1,0,430300.0
222,55.3,4,3,13.2,0,162900.0
223,157.5,2,4,18.8,1,307800.0
224,65.5,4,36,1.7,1,185500.0
225,111.1,1,40,16.6,1,196600.0
226,173.6,4,48,6.2,1,340200.0
227,132.6,3,12,9.2,1,322100.0
228,86.9,2,33,0.9,0,165100.0
229,101.4,3,44,6.4,1,236800.0
230,157.2,2,21,10.3,1,314000.0
231,100.8,2,22,1.6,1,240800.0
232,138.7,2,2,10.1,1,280500.0
233,131.8,4,41,18.6,0,212700.0
234,103.9,3,33,2.6,0,207900.0
235,215.8,2,31,15.4,0,369000.0
236,155.4,3,44,8.5,0,282900.0
237,49.0,3,48,13.3,0,80900.0
238,137.5,2,20,5.6,1,303900.0
239,103.5,3,45,3.6,1,229500.0
240,164.1,2,43,3.6,1,313000.0
241,98.3,2,20,1.9,1,228000.0
242,125.4,3,43,4.1,1,293000.0
243,150.2,2,10,13.5,1,297600.0
244,164.6,3,38,17.7,1,321800.0
245,82.0,3,3,16.4,0,167100.0
246,116.6,2,0,13.9,0,237100.0
247,111.0,3,27,2.7,1,279600.0
248,103.9,2,23,6.1,1,252300.0
249,200.6,5,34,6.5,1,425900.0
250,146.2,3,12,5.4,0,311300.0
251,79.6,4,46,10.5,0,144500.0
252,166.7,3,33,10.9,1,335700.0
253,214.9,1,10,7.5,0,432700.0
254,171.3,3,35,7.4,1,349100.0
255,69.2,5,16,16.7,1,179700.0
256,110.6,3,34,15.9,1,232700.0
257,180.7,4,17,6.5,1,406900.0
258,101.7,4,39,18.3,1,192000.0
259,147.8,2,21,19.1,1,248600.0
260,161.0,2,23,6.9,1,296600.0
261,92.9,3,18,7.4,1,230200.0
262,127.6,3,36,10.4,0,235000.0
263,40.0,4,38,18.9,0,44500.0
264,89.0,4,20,17.6,0,172700.0
265,119.9,3,7,2.5,1,303800.0
266,80.1,2,27,8.2,1,194000.0
267,195.3,4,4,11.3,1,428200.0
268,72.8,2,16,10.3,0,138200.0
269,112.4,4,36,4.3,0,254500.0
270,135.2,3,35,17.2,1,244700.0
271,187.7,3,18,13.7,0,365600.0
272,72.6,1,26,16.8,1,117100.0
273,176.5,3,33,17.2,1,317000.0
274,130.4,3,10,15.1,1,277700.0
275,90.7,3,44,9.1,0,163300.0
276,148.5,2,46,12.4,0,253300.0
277,138.0,3,11,3.6,0,305500.0
278,106.0,4,20,13.6,1,207000.0
279,132.8,2,10,4.0,1,303200.0
280,114.6,1,38,14.0,0,189300.0
281,134.5,1,27,5.0,1,274500.0
282,156.5,3,4,2.8,1,371200.0
283,193.4,3,16,3.7,0,420400.0
284,80.5,3,19,0.5,1,213700.0
285,215.3,2,40,14.5,1,366400.0
286,51.9,3,45,14.8,0,67800.0
287,123.9,3,11,10.5,0,252000.0
288,153.5,3,5,3.6,1,350900.0
289,141.2,5,16,2.1,1,352000.0
290,105.1,2,18,0.9,1,267100.0
291,121.7,3,25,3.7,1,282100.0
292,110.3,3,47,17.9,1,189600.0
293,106.4,3,43,5.2,1,254200.0
294,164.0,3,43,7.4,1,320800.0
295,144.3,3,31,2.6,1,324800.0
296,102.3,5,5,4.8,0,258800.0
297,166.0,2,35,10.6,1,305300.0
298,142.3,2,37,12.4,1,256700.0
299,162.5,3,10,5.3,1,362900.0
300,155.2,3,32,1.6,1,348500.0
301,96.8,2,23,8.1,0,228400.0
302,107.6,1,22,5.1,0,204100.0
303,159.9,1,14,4.8,0,316000.0
304,154.4,4,26,19.2,1,296300.0
305,129.2,2,10,12.5,1,279200.0
306,134.7,2,49,11.4,0,224400.0
307,181.1,2,16,8.6,1,395000.0
308,106.3,3,13,8.9,1,213500.0
309,151.9,1,26,11.0,1,255500.0
310,121.9,3,17,14.1,1,248300.0
311,121.3,1,27,14.2,1,238800.0
312,174.0,4,46,3.8,1,339900.0
313,163.0,2,46,10.3,0,235200.0
314,162.5,3,3,8.5,0,355800.0
315,182.2,4,6,17.5,1,382300.0
316,130.8,3,44,12.8,1,228000.0
317,157.3,3,34,10.9,1,297300.0
318,117.6,2,47,2.8,0,206800.0
319,143.0,2,8,12.3,0,283600.0
320,124.8,3,7,2.8,1,303300.0
321,133.9,5,44,7.1,0,277500.0
322,153.8,3,16,3.3,1,311000.0
323,97.3,3,16,14.0,1,199000.0
324,213.7,3,48,4.5,1,405100.0
325,89.8,3,32,8.1,1,195500.0
326,81.4,1,31,18.0,1,122300.0
327,176.3,3,7,4.5,0,394000.0
328,161.7,5,18,10.4,1,333300.0
329,155.0,2,37,8.7,1,302600.0
330,155.1,3,2,0.9,1,389800.0
331,129.5,2,4,16.0,1,296600.0
332,94.1,3,12,1.8,1,246200.0
333,133.0,1,46,9.7,1,241800.0
334,102.9,3,45,11.4,0,149400.0
335,169.0,4,30,12.8,1,306000.0
336,124.1,2,15,13.9,1,265600.0
337,97.0,3,49,5.4,1,201700.0
338,117.1,4,31,0.7,1,304700.0
339,146.5,4,21,14.6,0,264100.0
340,107.5,2,28,10.9,1,224900.0
341,97.1,3,21,16.8,1,223700.0
342,139.7,2,42,16.5,1,246600.0
343,139.8,5,2,16.9,1,321200.0
344,109.7,4,9,10.0,0,247300.0
345,111.2,3,41,7.0,0,188500.0
346,139.3,4,20,15.9,1,308400.0
347,72.1,3,15,9.3,0,153700.0
348,73.7,3,11,4.1,1,216400.0
349,101.3,1,1,17.2,0,162600.0
350,121.5,4,40,17.7,0,187100.0
351,142.4,2,23,9.6,1,313800.0
352,189.0,4,34,2.0,1,406600.0
353,164.3,4,29,8.1,1,372600.0
354,123.6,3,29,16.2,1,236000.0
355,129.2,1,46,18.1,0,152800.0
356,89.9,2,34,4.5,1,213100.0
357,129.3,2,18,1.8,1,292500.0
358,118.5,3,49,17.6,0,189300.0
359,142.9,1,7,8.1,1,308000.0
360,96.9,4,25,11.1,1,197300.0
361,150.8,3,48,19.4,1,255900.0
362,191.3,2,39,1.8,0,403700.0
363,125.6,3,6,13.1,0,266700.0
364,146.1,3,29,1.9,0,308000.0
365,157.6,3,6,7.8,1,373200.0
366,114.0,3,2,16.2,1,255000.0
367,139.0,4,0,9.0,0,318800.0
368,130.5,3,35,19.9,1,213400.0
369,133.9,5,24,11.4,1,302500.0
370,99.1,4,36,6.8,1,241900.0
371,131.0,2,0,4.8,1,303000.0
372,149.9,4,14,7.3,0,346300.0
373,188.0,2,36,7.8,1,365900.0
374,168.4,4,12,1.8,1,387500.0
375,216.1,3,39,7.7,1,441000.0
376,99.3,4,7,9.6,1,247400.0
377,164.9,4,4,14.6,0,350600.0
378,137.3,4,8,13.3,1,303500.0
379,217.6,4,0,14.3,0,441600.0
380,97.7,2,35,0.7,1,233700.0
381,96.4,1,34,4.7,1,205500.0
382,106.0,3,1,13.4,0,198100.0
383,45.0,2,39,9.9,1,75000.0
384,109.0,3,22,0.6,0,267100.0
385,99.6,2,8,16.2,1,206000.0
386,136.0,5,33,15.6,1,269500.0
387,143.7,3,45,11.2,1,252300.0
388,205.0,4,13,1.8,1,451200.0
389,168.0,2,3,15.4,1,313000.0
390,106.9,4,29,11.9,1,229800.0
391,94.1,4,30,15.7,1,184200.0
392,149.7,3,37,15.2,1,264800.0
393,77.2,3,10,16.2,0,153100.0
394,203.3,4,34,10.6,1,413700.0
395,177.2,2,7,3.2,0,409600.0
396,111.2,3,2,13.6,1,233000.0
397,61.5,3,13,12.6,0,151500.0
398,184.2,2,12,15.0,0,358500.0
399,125.4,3,44,3.8,1,254200.0
400,179.5,1,31,4.3,1,362900.0
401,66.2,1,33,17.9,1,93400.0
402,106.0,2,44,15.1,0,163200.0
403,130.2,5,18,18.2,1,298200.0
404,131.9,3,37,15.3,1,255100.0
405,112.0,5,15,12.1,1,274500.0
406,154.9,3,1,13.3,0,312400.0
407,87.3,2,39,17.8,1,120100.0
408,124.3,3,16,11.8,0,246300.0
409,134.8,3,33,12.8,1,283100.0
410,150.6,2,41,3.6,1,283900.0
411,158.5,3,15,9.7,1,325400.0
412,85.0,2,37,14.5,1,154000.0
413,68.6,3,1,5.8,1,190600.0
414,181.1,3,1,4.4,1,406500.0
415,143.3,2,25,6.6,1,295700.0
416,100.1,1,12,5.2,1,212100.0
417,192.0,4,46,4.7,1,378900.0
418,134.6,3,30,8.8,1,292800.0
419,177.2,1,33,18.2,1,284900.0
420,132.7,5,38,10.4,1,259500.0
421,212.4,1,2,4.2,1,446400.0
422,200.2,3,7,2.0,1,465900.0
423,120.0,5,22,14.1,0,243300.0
424,168.9,2,13,8.0,1,351900.0
425,155.8,2,26,16.5,1,289900.0
426,184.7,2,28,13.4,0,305000.0
427,91.4,2,38,16.0,0,144900.0
428,157.4,2,38,5.8,1,321000.0
429,172.3,3,0,14.0,1,363600.0
430,59.7,1,16,5.6,1,166700.0
431,82.7,3,40,18.8,0,102300.0
432,48.4,5,29,12.9,1,146500.0
433,119.2,4,12,6.8,0,274600.0
434,158.7,3,20,5.8,1,344200.0
435,190.1,2,18,4.2,0,385100.0
436,133.0,3,18,14.0,0,253800.0
437,195.1,3,24,4.8,0,413600.0
438,74.8,3,21,12.1,1,154700.0
439,61.9,2,30,5.7,0,117100.0
440,127.8,4,16,13.4,1,295900.0
441,145.4,3,22,16.4,1,276300.0
442,128.7,2,31,15.7,1,249500.0
443,47.3,3,9,15.3,1,148600.0
444,126.4,3,9,4.2,1,302300.0
445,77.8,4,35,2.2,0,194500.0
446,156.8,3,7,14.1,1,315000.0
447,144.7,4,19,7.7,0,319300.0
448,92.4,1,31,8.9,0,165600.0
449,109.4,3,49,1.1,1,246800.0
450,87.6,3,13,5.6,1,217200.0
451,127.5,1,49,1.2,1,228000.0
452,168.2,2,27,17.6,1,314700.0
453,90.6,4,45,5.2,1,174500.0
454,150.2,2,23,11.4,0,275600.0
455,108.8,3,14,1.3,0,274000.0
456,98.3,2,21,13.5,0,182300.0
457,125.7,1,29,6.8,0,263200.0
458,88.6,2,3,18.0,1,202700.0
459,107.9,5,12,17.8,1,233100.0
460,82.1,4,22,6.8,0,192100.0
461,208.6,5,7,18.1,1,433400.0
462,131.4,3,17,19.9,1,229300.0
463,102.0,2,11,16.6,0,173300.0
464,138.6,3,30,17.0,0,232500.0
465,125.5,3,13,5.4,0,247100.0
466,121.2,4,33,11.7,0,234400.0
467,154.6,1,17,1.8,0,315600.0
468,160.3,3,33,2.4,1,323500.0
469,108.8,2,10,20.0,0,195300.0
470,107.0,2,40,6.9,1,226500.0
471,119.0,3,11,15.1,1,257500.0
472,40.0,3,48,16.2,1,54800.0
473,69.4,3,14,17.2,1,160300.0
474,184.7,3,30,20.0,0,325900.0
475,195.8,3,48,5.2,1,391000.0
476,120.0,4,28,1.3,1,281500.0
477,153.1,4,25,8.5,0,317600.0
478,142.5,5,17,3.0,0,350700.0
479,253.2,4,31,0.9,1,529100.0
480,174.8,2,21,7.5,1,393400.0
481,124.9,3,37,15.8,1,223500.0
482,91.8,3,16,11.5,1,210900.0
483,65.7,2,22,6.6,1,152000.0
484,138.1,4,23,13.3,0,274700.0
485,99.7,1,49,5.0,0,142000.0
486,73.1,4,7,0.8,0,205800.0
487,104.1,3,40,15.4,0,154300.0
488,86.7,3,5,12.7,1,212000.0
489,197.5,3,4,15.4,1,421600.0
490,165.3,4,43,1.3,1,369300.0
491,129.7,3,28,16.8,0,192000.0
492,189.2,3,27,12.6,1,404200.0
493,133.1,1,10,11.5,0,258400.0
494,95.5,3,0,12.7,0,200600.0
495,190.9,2,42,17.4,0,314200.0
496,151.6,3,18,11.9,1,319900.0
497,88.5,3,8,11.8,1,202800.0
498,122.4,3,26,19.8,1,228900.0
499,95.0,1,33,15.3,1,153500.0
500,74.7,1,43,9.1,1,128700.0
501,167.0,3,3,14.3,0,325000.0
502,206.4,1,35,8.1,0,350000.0
503,74.1,1,17,5.0,0,161400.0
504,152.5,1,14,12.1,1,311800.0
505,104.0,5,12,18.6,1,240600.0
506,110.5,3,18,18.6,0,210000.0
507,106.3,3,48,7.2,1,218700.0
508,95.4,2,5,10.8,1,214700.0
509,131.9,2,47,4.6,0,254100.0
510,96.8,4,11,19.9,1,185900.0
511,140.8,3,36,19.6,1,235200.0
512,128.0,2,16,13.2,1,246900.0
513,120.4,2,22,16.2,0,225800.0
514,93.7,1,25,14.4,1,187100.0
515,106.9,3,28,12.1,0,209100.0
516,160.2,4,32,1.5,1,378800.0
517,150.0,2,26,9.4,1,290200.0
518,90.9,1,24,13.7,1,176600.0
519,134.0,1,9,13.7,1,267300.0
520,160.1,5,46,7.8,1,346400.0
521,63.2,2,22,18.9,1,112600.0
522,151.7,4,20,3.8,0,327600.0
523,103.5,3,20,10.3,1,239500.0
524,152.8,3,42,14.0,0,276400.0
525,99.5,2,12,14.1,1,200300.0
526,57.8,2,36,13.1,1,107000.0
527,64.9,3,32,5.9,1,145100.0
528,131.9,4,23,3.5,1,276700.0
529,140.4,3,43,12.9,1,266000.0
530,93.8,3,10,12.2,0,208000.0
531,155.5,1,16,4.0,1,338400.0
532,63.5,5,3,14.3,1,154600.0
533,127.4,4,46,9.4,0,232300.0
534,81.6,2,24,13.5,0,111600.0
535,103.9,5,29,16.8,1,239200.0
536,131.9,3,8,3.8,1,304800.0
537,95.6,3,20,0.9,1,268500.0
538,114.6,3,19,15.7,1,248400.0
539,170.3,4,18,12.4,0,326500.0
540,106.9,3,18,14.1,1,209800.0
541,163.4,2,11,16.8,1,325500.0
542,84.8,2,36,16.2,1,134300.0
543,151.2,4,41,19.2,1,274900.0
544,187.7,2,16,11.0,1,372300.0
545,40.0,3,36,10.0,1,69100.0
546,98.1,3,47,8.3,1,162600.0
547,153.1,3,38,3.5,0,308800.0
548,121.9,3,27,11.7,1,243700.0
549,144.8,4,40,5.9,1,300900.0
550,105.8,2,34,18.5,1,190600.0
551,133.5,2,46,11.9,0,237700.0
552,123.8,2,47,12.1,1,216200.0
553,176.7,4,17,7.4,0,365500.0
554,140.2,3,13,1.5,1,346000.0
555,143.5,2,34,1.1,1,290500.0
556,113.5,4,43,8.8,1,240900.0
557,110.5,4,40,2.1,0,247400.0
558,112.7,4,6,12.3,1,278400.0
559,145.8,4,40,17.7,1,240700.0
560,113.2,2,12,17.7,1,211600.0
561,141.6,4,17,13.4,1,291500.0
562,213.0,3,36,4.6,1,436200.0
563,164.8,4,12,17.3,1,347100.0
564,117.0,3,35,17.8,0,214600.0
565,178.0,4,30,4.3,0,360800.0
566,113.7,3,1,14.9,1,249500.0
567,48.5,2,15,6.1,1,157600.0
568,89.7,3,8,16.2,1,204100.0
569,55.2,5,8,19.9,0,141900.0
570,115.9,4,37,1.1,0,260500.0
571,130.7,1,10,18.0,1,229400.0
572,197.1,2,21,12.6,0,345300.0
573,143.1,2,32,19.5,1,224800.0
574,121.2,3,35,9.6,0,238600.0
575,163.2,4,44,17.0,1,317400.0
576,41.6,2,22,1.7,1,162400.0
577,139.4,3,44,7.0,0,273200.0
578,160.8,4,44,1.8,1,365800.0
579,70.9,3,33,19.5,0,94600.0
580,175.8,3,8,16.4,1,340900.0
581,143.5,3,23,17.1,1,290800.0
582,113.4,3,7,18.8,1,241900.0
583,155.3,2,6,2.2,1,364000.0
584,220.8,3,35,8.0,1,444300.0
585,137.3,3,17,1.9,0,311800.0
586,139.9,4,2,4.6,0,349600.0
587,111.6,3,27,5.0,1,276000.0
588,96.0,4,5,9.6,1,256200.0
589,163.2,2,43,5.7,1,333100.0
590,95.8,3,43,2.5,1,224600.0
591,132.9,1,20,3.8,1,281600.0
592,110.9,2,27,3.4,1,262200.0
593,149.2,3,39,19.5,1,240100.0
594,143.3,5,0,15.3,1,347400.0
595,171.5,1,35,19.4,1,269500.0
596,109.6,3,20,9.1,0,231200.0
597,119.2,4,42,5.9,0,226800.0
598,90.8,2,34,16.1,0,149100.0
599,112.2,3,12,6.9,0,248500.0
600,145.1,3,48,6.3,0,244900.0
601,160.3,3,9,5.0,1,374600.0
602,93.1,2,43,3.0,1,191500.0
603,164.8,3,46,5.5,1,343600.0
604,184.2,4,9,7.4,1,414100.0
605,146.5,3,45,13.6,0,255400.0
606,205.1,1,12,1.7,0,404700.0
607,99.0,4,36,4.6,0,205000.0
608,80.2,1,37,16.3,1,120000.0
609,58.9,3,23,3.4,0,162300.0
610,189.8,2,1,7.2,0,419900.0
611,156.2,5,21,17.4,1,310800.0
612,127.8,3,16,3.5,1,321100.0
613,141.2,2,35,2.1,0,249300.0
614,85.0,2,13,9.9,1,179100.0
615,227.8,2,9,6.4,1,463800.0
616,135.2,4,34,11.5,1,258800.0
617,134.4,5,24,16.2,1,259400.0
618,159.0,3,2,3.2,0,366700.0
619,149.2,3,46,11.8,0,256300.0
620,139.0,3,37,10.4,1,282000.0
621,98.4,4,16,3.3,1,271600.0
622,148.9,3,11,12.7,1,321800.0
623,205.3,3,23,5.8,1,441800.0
624,183.8,3,28,10.0,1,370400.0
625,193.7,3,42,2.1,1,382800.0
626,109.6,1,24,9.5,1,236600.0
627,90.4,3,35,6.5,1,193700.0
628,125.0,3,25,16.5,0,209500.0
629,132.2,4,37,1.6,1,301900.0
630,173.8,1,0,8.7,0,337400.0
631,62.3,3,19,9.4,0,133300.0
632,191.2,3,27,14.6,1,375400.0
633,123.7,3,15,11.7,0,255100.0
634,112.9,1,46,13.5,0,152900.0
635,89.5,3,16,15.7,0,164100.0
636,63.8,3,39,17.3,1,126800.0
637,162.9,3,27,6.6,1,353300.0
638,132.9,3,11,11.0,1,325300.0
639,78.4,3,26,16.9,0,152400.0
640,78.2,4,41,19.8,1,153300.0
641,116.6,2,46,17.8,1,167400.0
642,196.8,4,29,7.7,0,403800.0
643,119.6,3,40,4.3,1,257400.0
644,69.9,1,33,10.0,0,106500.0
645,120.2,1,36,15.0,1,209200.0
646,119.1,2,5,10.1,1,283200.0
647,40.0,4,6,9.9,1,149700.0
648,127.8,3,31,16.8,0,207300.0
649,120.8,4,31,7.5,1,281200.0
650,157.8,3,24,17.3,1,293000.0
651,204.0,3,32,8.4,1,412900.0
652,175.1,2,6,6.9,1,378000.0
653,119.2,2,11,9.4,1,261100.0
654,85.7,3,15,15.4,0,178100.0
655,232.9,1,15,3.0,1,466800.0
656,132.4,2,42,4.3,1,298700.0
657,130.6,3,35,19.1,1,205400.0
658,129.0,3,12,3.9,0,281600.0
659,137.9,5,6,11.6,1,332900.0
660,124.2,4,35,11.8,0,245200.0
661,107.1,3,46,10.0,1,206400.0
662,108.1,3,8,13.1,1,243700.0
663,128.7,3,31,5.0,1,289600.0
664,108.3,4,10,11.3,0,235300.0
665,101.5,2,7,7.8,1,263000.0
666,134.3,3,32,13.4,0,255700.0
667,119.8,4,22,3.3,0,286800.0
668,190.2,3,24,11.6,1,368000.0
669,40.0,3,7,4.1,1,150100.0
670,173.7,3,44,5.9,1,343400.0
671,179.8,2,21,4.8,1,365500.0
672,47.1,3,3,4.1,1,174600.0
673,116.3,2,39,16.6,1,192200.0
674,115.1,1,2,6.1,0,259000.0
675,73.7,1,28,18.6,1,101600.0
676,98.9,4,40,19.4,1,202900.0
677,85.6,2,28,11.6,0,140700.0
678,200.1,3,33,3.3,0,402300.0
679,167.4,2,33,7.8,1,344700.0
680,180.9,4,27,16.1,0,327400.0
681,158.9,2,12,7.7,0,335400.0
682,84.8,3,14,2.2,0,193900.0
683,109.0,4,22,11.4,1,267100.0
684,149.6,4,43,17.0,1,275900.0
685,81.1,2,25,16.0,0,125100.0
686,158.5,4,3,3.9,1,381500.0
687,120.4,3,25,13.6,1,257300.0
688,115.0,3,39,4.8,1,240400.0
689,158.4,2,8,4.8,0,325400.0
690,147.8,1,4,17.5,1,284100.0
691,115.6,3,31,5.4,1,240100.0
692,176.4,3,19,5.6,1,411200.0
693,86.8,3,49,0.5,0,171500.0
694,154.6,3,10,17.5,1,325200.0
695,153.7,4,14,16.0,1,324700.0
696,117.6,2,31,12.7,1,211100.0
697,143.0,3,27,15.1,0,259200.0
698,80.0,2,21,3.5,0,192300.0
699,167.0,4,40,9.4,1,335200.0
700,122.6,3,16,7.3,1,300000.0
701,109.1,5,25,2.3,0,279100.0
702,172.0,1,43,10.0,1,325400.0
703,101.8,1,6,18.5,0,169500.0
704,73.7,2,41,1.3,1,156400.0
705,67.7,2,25,6.2,1,154300.0
706,154.2,2,24,4.5,1,333700.0
707,78.8,4,9,5.1,1,235300.0
708,200.2,2,44,18.2,0,291300.0
709,46.7,2,18,9.6,1,121100.0
710,197.9,4,10,9.6,0,412900.0
711,138.4,3,12,15.3,1,283900.0
712,126.1,4,7,3.5,1,342000.0
713,108.2,1,39,10.0,1,204700.0
714,146.0,3,3,8.9,0,335000.0
715,128.5,1,46,12.1,1,216900.0
716,174.1,1,30,20.0,0,290100.0
717,134.6,4,27,15.5,0,276900.0
718,136.0,2,10,8.3,1,320200.0
719,115.5,3,42,16.6,1,188800.0
720,127.7,3,0,3.8,1,319100.0
721,142.3,2,48,1.1,1,286600.0
722,61.6,4,46,4.5,0,140300.0
723,76.1,1,37,7.1,1,161800.0
724,159.7,3,23,10.5,1,318500.0
725,136.8,5,46,12.5,0,255100.0
726,122.6,3,30,18.3,1,196500.0
727,130.7,4,40,10.4,1,289000.0
728,143.9,1,45,10.3,1,248500.0
729,108.4,3,49,1.5,1,237300.0
730,98.9,2,25,1.2,1,234100.0
731,137.8,3,48,11.2,1,275300.0
732,90.9,5,49,9.0,1,155300.0
733,146.3,2,4,16.9,0,276500.0
734,61.9,3,19,3.6,1,177500.0
735,171.2,2,40,1.0,1,348400.0
736,148.9,3,10,9.3,1,356800.0
737,140.2,3,32,5.1,1,289800.0
738,169.3,5,49,1.5,1,380700.0
739,196.6,3,37,14.6,1,373600.0
740,170.6,2,26,2.7,0,363900.0
741,56.4,2,33,12.4,1,101300.0
742,78.8,2,14,6.0,1,187000.0
743,105.0,2,31,3.9,0,229800.0
744,131.0,2,20,7.9,1,287100.0
745,150.7,4,45,16.1,1,255300.0
746,101.0,3,4,8.1,1,245600.0
747,137.5,3,5,15.1,0,281300.0
748,99.8,2,37,2.9,0,212600.0
749,105.5,4,21,15.6,1,215200.0
750,73.7,3,17,5.1,0,134400.0
751,93.1,1,13,13.7,1,196500.0
752,75.9,3,9,11.5,1,171100.0
753,91.0,3,45,18.6,0,99000.0
754,172.1,1,12,8.1,0,293200.0
755,92.0,3,30,1.8,1,240100.0
756,235.3,3,29,0.9,1,499300.0
757,149.7,2,2,16.6,1,303100.0
758,137.4,4,29,10.7,1,312800.0
759,95.7,4,5,15.6,0,216000.0
760,158.0,3,28,5.1,1,365100.0
761,107.0,3,7,7.2,1,243500.0
762,134.9,3,43,1.1,1,293600.0
763,232.4,3,44,19.2,1,385700.0
764,126.2,3,42,13.5,1,232400.0
765,176.0,1,43,18.7,0,264800.0
766,101.9,3,32,5.7,1,239600.0
767,128.6,4,16,12.4,0,266000.0
768,200.8,3,47,13.7,0,356500.0
769,104.9,1,10,6.7,1,249200.0
770,202.5,4,12,17.0,1,443000.0
771,158.3,2,49,19.0,1,252800.0
772,107.5,2,10,17.8,1,200500.0
773,155.3,2,30,14.9,1,292800.0
774,168.9,2,27,5.9,0,317400.0
775,154.9,4,43,6.0,1,346200.0
776,67.2,3,5,19.3,1,146500.0
777,100.9,2,40,0.7,1,217700.0
778,120.1,4,15,14.5,1,256400.0
779,127.0,4,3,14.3,0,282100.0
780,154.8,4,34,12.6,1,309100.0
781,137.1,2,47,19.8,1,208300.0
782,76.6,3,25,6.6,0,193600.0
783,145.2,5,11,7.1,1,337700.0
784,154.4,4,10,2.0,1,377200.0
785,152.4,1,36,9.1,1,296700.0
786,173.2,1,24,5.6,1,327500.0
787,163.4,3,17,7.2,0,343900.0
788,148.4,4,18,16.8,0,268300.0
789,127.2,3,22,18.7,0,235800.0
790,63.6,3,37,4.1,1,144500.0
791,147.2,2,17,7.8,0,305000.0
792,138.3,3,25,18.6,0,257300.0
793,140.9,4,5,1.7,1,371600.0
794,78.9,3,3,2.3,1,238100.0
795,86.8,4,43,3.7,1,202600.0
796,172.1,5,28,12.1,0,333800.0
797,128.4,2,33,3.4,0,278100.0
798,157.3,3,16,19.4,0,273400.0
799,131.1,2,42,9.2,1,234400.0
800,131.2,4,42,10.3,1,276300.0
801,167.5,3,15,5.3,1,361400.0
802,109.4,3,1,9.7,0,233000.0
803,133.8,4,33,13.4,1,249400.0
804,111.5,3,7,15.1,0,217800.0
805,112.6,4,12,15.2,1,249500.0
806,117.6,3,41,11.8,1,230700.0
807,138.9,2,7,18.1,1,289500.0
808,110.9,3,29,16.4,0,200900.0
809,180.2,4,31,15.3,0,329800.0
810,94.2,2,35,1.6,1,213700.0
811,122.5,4,46,0.6,0,267000.0
812,112.4,4,29,4.6,0,266100.0
813,187.9,2,0,13.4,0,372600.0
814,137.9,5,42,8.5,0,267900.0
815,171.3,2,38,8.3,1,317400.0
816,70.6,2,16,17.7,1,117800.0
817,140.7,2,19,18.0,0,254500.0
818,165.6,4,23,18.2,1,333700.0
819,133.3,3,49,6.6,1,273400.0
820,172.6,2,21,14.0,1,333200.0
821,109.3,3,28,5.8,1,269400.0
822,186.4,3,21,4.2,1,397700.0
823,222.0,1,43,4.1,0,419100.0
824,115.5,4,8,7.2,1,288300.0
825,112.2,4,36,8.9,1,234100.0
826,188.1,3,9,16.7,1,387600.0
827,193.2,5,35,2.8,1,431800.0
828,109.1,3,36,14.8,1,212200.0
829,113.2,5,27,10.9,1,260100.0
830,118.7,3,27,6.1,0,245300.0
831,76.2,3,41,10.1,1,192200.0
832,93.3,2,42,6.3,1,207900.0
833,89.8,4,20,12.1,1,220600.0
834,99.3,3,23,9.0,0,206300.0
835,128.6,2,41,3.7,1,280900.0
836,139.4,1,39,2.8,0,269100.0
837,192.0,3,1,11.2,0,395200.0
838,90.1,3,7,18.1,1,190400.0
839,169.4,3,47,7.2,0,310600.0
840,121.4,4,26,14.8,1,204000.0
841,128.0,1,21,13.3,0,228200.0
842,157.0,3,36,18.7,1,274500.0
843,85.1,2,26,16.5,0,162400.0
844,145.3,4,28,11.5,0,285200.0
845,136.7,4,2,13.3,0,276100.0
846,149.7,3,43,18.0,0,241600.0
847,141.6,3,12,8.3,0,282800.0
848,228.2,2,44,6.9,0,422300.0
849,104.5,3,9,0.7,1,284400.0
850,108.8,4,35,16.6,0,205500.0
851,105.1,3,8,16.1,1,216600.0
852,107.8,3,26,2.5,1,260000.0
853,104.5,3,33,11.7,1,192300.0
854,177.6,4,0,9.5,1,415800.0
855,186.8,2,31,2.8,1,396400.0
856,107.2,2,24,19.6,0,178400.0
857,96.7,3,28,4.7,0,208900.0
858,148.9,4,6,1.8,1,378200.0
859,107.9,2,48,12.1,0,193700.0
860,155.3,2,2,14.9,0,298500.0
861,138.1,2,19,1.1,0,300900.0
862,69.4,2,19,13.3,0,112700.0
863,191.9,3,29,10.9,0,349000.0
864,201.8,3,34,2.5,1,425200.0
865,105.5,3,34,3.9,0,237300.0
866,114.5,3,48,11.6,1,209800.0
867,141.4,3,38,6.3,0,270400.0
868,143.4,4,26,18.8,0,252200.0
869,156.3,3,25,16.5,1,293400.0
870,210.4,5,13,19.7,0,409100.0
871,122.9,3,16,5.6,1,266100.0
872,98.1,2,17,19.4,1,202400.0
873,74.8,3,44,8.9,0,124400.0
874,100.8,2,28,7.3,1,228200.0
875,128.7,3,19,1.5,0,271000.0
876,201.8,1,26,1.5,1,426900.0
877,109.3,2,17,14.0,0,212900.0
878,139.0,4,3,9.4,1,336400.0
879,129.3,2,0,4.9,0,277100.0
880,177.5,4,49,12.5,1,339600.0
881,231.1,2,0,5.4,1,480900.0
882,108.8,3,25,11.8,1,226200.0
883,110.4,3,44,7.5,1,240600.0
884,171.8,3,19,16.6,1,348900.0
885,157.3,2,22,16.5,1,297100.0
886,203.9,2,9,9.8,0,387500.0
887,153.4,1,10,7.3,0,315900.0
888,115.6,2,40,7.6,0,209600.0
889,153.6,3,40,16.2,1,244700.0
890,174.3,4,4,6.9,1,415200.0
891,162.8,4,0,4.6,1,394700.0
892,150.3,4,16,2.2,0,359200.0
893,172.7,4,21,9.6,1,354300.0
894,176.8,3,33,9.9,0,285200.0
895,185.3,2,44,16.9,0,305000.0
896,155.9,4,40,4.8,1,338000.0
897,123.3,3,28,7.9,1,241500.0
898,135.9,3,3,16.3,1,276100.0
899,178.3,2,4,16.6,1,398300.0
900,97.3,3,10,8.0,0,215400.0
901,144.7,3,20,9.5,1,321400.0
902,114.3,4,34,6.4,0,228500.0
903,131.1,3,11,18.7,1,232500.0
904,181.1,3,25,2.8,1,392700.0
905,137.6,5,18,18.7,0,263500.0
906,131.9,2,44,13.8,0,206900.0
907,75.6,3,6,10.9,1,192800.0
908,159.9,1,46,1.1,1,320700.0
909,155.8,3,6,9.8,1,344500.0
910,216.5,4,25,8.5,0,411800.0
911,117.7,2,39,3.6,0,235600.0
912,138.8,4,4,13.3,1,286200.0
913,140.0,2,20,19.4,1,226300.0
914,193.1,4,13,11.5,0,402500.0
915,126.2,4,3,14.4,1,297100.0
916,141.2,4,22,1.8,0,317700.0
917,154.3,1,41,8.6,1,265200.0
918,137.5,5,19,2.8,1,331200.0
919,112.1,3,14,12.4,1,243200.0
920,137.8,2,49,18.8,0,176400.0
921,172.9,4,44,13.4,1,319100.0
922,88.9,2,28,2.0,0,203600.0
923,135.3,4,7,7.4,0,327400.0
924,102.0,2,40,11.2,1,185200.0
925,177.8,3,47,8.4,1,354500.0
926,69.1,3,18,16.8,1,118700.0
927,107.6,1,47,16.4,1,175200.0
928,145.1,2,38,12.4,1,257400.0
929,192.6,1,45,7.8,0,339600.0
930,127.4,3,27,5.5,0,260300.0
931,107.8,2,45,2.6,0,226100.0
932,205.2,3,26,7.4,1,409400.0
933,72.1,2,3,8.6,1,199100.0
934,42.0,2,14,13.7,0,78800.0
935,147.6,3,34,13.3,1,283300.0
936,109.9,1,36,1.9,1,230700.0
937,89.2,4,0,8.2,1,233600.0
938,158.3,4,2,4.0,0,366200.0
939,139.8,3,46,3.6,0,269900.0
940,107.4,3,23,16.6,0,196600.0
941,78.8,4,26,1.3,0,201300.0
942,164.9,2,39,8.7,1,329800.0
943,156.0,1,35,3.8,1,327200.0
944,126.0,2,33,17.6,1,206100.0
945,203.9,4,28,11.4,1,426700.0
946,87.2,1,23,5.0,1,178400.0
947,69.0,3,23,10.3,0,152800.0
948,102.3,5,41,14.8,1,217600.0
949,128.2,4,3,19.2,1,247700.0
950,139.7,3,2,4.8,0,320600.0
951,120.4,1,33,17.8,0,173800.0
952,144.1,4,48,18.7,1,242200.0
953,79.9,3,22,18.4,0,157300.0
954,187.8,2,22,12.9,1,356100.0
955,126.7,1,44,12.8,0,184700.0
956,174.7,4,4,8.4,1,400100.0
957,143.7,3,30,15.2,0,266900.0
958,148.3,4,40,10.9,0,276100.0
959,152.8,4,5,13.7,1,356200.0
960,147.9,3,36,8.9,0,287200.0
961,155.7,3,9,14.8,1,292800.0
962,183.2,3,39,16.6,0,306100.0
963,137.9,2,6,3.4,0,297600.0
964,158.4,3,38,16.7,0,276200.0
965,126.4,4,37,11.0,0,201600.0
966,187.6,3,20,17.0,1,401800.0
967,102.9,4,19,8.9,0,234400.0
968,202.0,3,2,7.9,1,445900.0
969,128.4,3,21,18.3,0,246000.0
970,72.8,3,46,5.4,0,175700.0
971,135.1,3,3,17.0,1,299900.0
972,102.8,3,27,9.9,0,217400.0
973,163.6,2,11,10.5,1,344700.0
974,103.9,3,37,6.5,0,202900.0
975,112.2,2,35,11.7,1,207500.0
976,54.4,3,46,6.8,1,109200.0
977,111.9,3,40,1.3,1,244200.0
978,40.0,3,4,5.8,1,128600.0
979,66.6,5,12,0.6,1,225600.0
980,160.4,3,22,19.6,0,256500.0
981,161.4,3,49,19.3,0,255100.0
982,147.0,3,29,8.2,1,307900.0
983,91.3,3,36,14.7,0,156500.0
984,128.1,1,24,7.2,1,255200.0
985,129.9,2,47,13.6,1,272500.0
986,83.7,3,26,16.2,0,167300.0
987,190.1,3,13,19.0,1,350900.0
988,165.1,1,47,8.3,1,303500.0
989,121.2,2,46,15.8,1,194600.0
990,131.1,2,35,5.7,1,255400.0
991,138.3,5,38,19.8,0,220900.0
992,48.3,2,15,1.0,0,144300.0
993,120.1,3,21,12.3,1,243700.0
994,102.7,2,20,13.4,0,203600.0
995,89.9,3,20,13.9,1,208600.0
996,118.8,2,7,2.8,1,312200.0
997,201.9,2,48,18.8,1,327300.0
998,155.6,3,15,4.0,0,343000.0
999,107.2,1,30,12.6,1,207700.0
1000,152.9,1,41,4.8,1,289800.0
